filename, nx, ny, nz, dx, dy, dz, x0, y0, z0,
DK19-N1-2019.08.29-15.32.41_DK19_1_0001.tif,1021,1536,1,14.72,14.72,20,-7507.2,-11297.6,-11380, 
DK19-N1-2019.08.29-15.32.41_DK19_2_0002.tif,990,1484,1,14.72,14.72,20,-7279.04,-10914.88,-11340, 
DK19-N1-2019.08.29-15.32.41_DK19_3_0003.tif,1139,1418,1,14.72,14.72,20,-8375.68,-10429.12,-11300, 
DK19-N2-2019.08.29-15.40.33_DK19_1_0004.tif,939,1432,1,14.72,14.72,20,-6903.68,-10532.16,-11260, 
DK19-N2-2019.08.29-15.40.33_DK19_2_0005.tif,909,1436,1,14.72,14.72,20,-6682.88,-10561.6,-11220, 
DK19-N2-2019.08.29-15.40.33_DK19_3_0006.tif,948,1463,1,14.72,14.72,20,-6969.92,-10760.32,-11180, 
DK19-N3-2019.08.29-15.47.54_DK19_1_0007.tif,716,671,1,14.72,14.72,20,-5262.4,-4931.2,-11140, 
DK19-N3-2019.08.29-15.47.54_DK19_2_0008.tif,651,632,1,14.72,14.72,20,-4784,-4644.16,-11100, 
DK19-N3-2019.08.29-15.47.54_DK19_3_0009.tif,826,724,1,14.72,14.72,20,-6072,-5321.28,-11060, 
DK19-N4-2019.08.29-15.52.13_DK19_1_0010.tif,679,623,1,14.72,14.72,20,-4990.08,-4577.92,-11020, 
DK19-N4-2019.08.29-15.52.13_DK19_2_0011.tif,701,689,1,14.72,14.72,20,-5152,-5063.68,-10980, 
DK19-N4-2019.08.29-15.52.13_DK19_3_0012.tif,723,650,1,14.72,14.72,20,-5313.92,-4776.64,-10940, 
DK19-N5-2019.08.29-15.56.11_DK19_1_0013.tif,322,293,1,14.72,14.72,20,-2362.56,-2149.12,-10900, 
DK19-N5-2019.08.29-15.56.11_DK19_2_0014.tif,348,288,1,14.72,14.72,20,-2553.92,-2112.32,-10860, 
DK19-N5-2019.08.29-15.56.11_DK19_3_0015.tif,348,315,1,14.72,14.72,20,-2553.92,-2311.04,-10820, 
DK19-N6-2019.08.29-15.58.50_DK19_1_0016.tif,467,350,1,14.72,14.72,20,-3429.76,-2568.64,-10780, 
DK19-N6-2019.08.29-15.58.50_DK19_2_0017.tif,493,358,1,14.72,14.72,20,-3621.12,-2627.52,-10740, 
DK19-N6-2019.08.29-15.58.50_DK19_3_0018.tif,502,376,1,14.72,14.72,20,-3687.36,-2760,-10700, 
DK19-N7-2019.08.29-16.01.47_DK19_1_0019.tif,467,389,1,14.72,14.72,20,-3429.76,-2855.68,-10660, 
DK19-N7-2019.08.29-16.01.47_DK19_2_0020.tif,493,389,1,14.72,14.72,20,-3621.12,-2855.68,-10620, 
DK19-N7-2019.08.29-16.01.47_DK19_3_0021.tif,485,389,1,14.72,14.72,20,-3562.24,-2855.68,-10580, 
DK19-N8-2019.08.29-16.04.46_DK19_1_0022.tif,502,397,1,14.72,14.72,20,-3687.36,-2914.56,-10540, 
DK19-N8-2019.08.29-16.04.46_DK19_2_0023.tif,485,388,1,14.72,14.72,20,-3562.24,-2848.32,-10500, 
DK19-N8-2019.08.29-16.04.46_DK19_3_0024.tif,493,397,1,14.72,14.72,20,-3621.12,-2914.56,-10460, 
DK19-N9-2019.08.29-16.07.53_DK19_1_0025.tif,433,330,1,14.72,14.72,20,-3179.52,-2421.44,-10420, 
DK19-N9-2019.08.29-16.07.53_DK19_2_0026.tif,442,338,1,14.72,14.72,20,-3245.76,-2480.32,-10380, 
DK19-N9-2019.08.29-16.07.53_DK19_3_0027.tif,451,347,1,14.72,14.72,20,-3312,-2546.56,-10340, 
DK19-N10-2019.08.29-16.10.47_DK19_1_0028.tif,518,411,1,14.72,14.72,20,-3805.12,-3017.6,-10300, 
DK19-N10-2019.08.29-16.10.47_DK19_2_0029.tif,527,420,1,14.72,14.72,20,-3871.36,-3083.84,-10260, 
DK19-N10-2019.08.29-16.10.47_DK19_3_0030.tif,527,420,1,14.72,14.72,20,-3871.36,-3083.84,-10220, 
DK19-N11-2019.08.29-16.13.58_DK19_1_0031.tif,517,370,1,14.72,14.72,20,-3797.76,-2715.84,-10180, 
DK19-N11-2019.08.29-16.13.58_DK19_2_0032.tif,510,370,1,14.72,14.72,20,-3746.24,-2715.84,-10140, 
DK19-N11-2019.08.29-16.13.58_DK19_3_0033.tif,510,379,1,14.72,14.72,20,-3746.24,-2782.08,-10100, 
DK19-N12-2019.08.29-16.17.09_DK19_1_0034.tif,571,452,1,14.72,14.72,20,-4195.2,-3319.36,-10060, 
DK19-N12-2019.08.29-16.17.09_DK19_2_0035.tif,571,452,1,14.72,14.72,20,-4195.2,-3319.36,-10020, 
DK19-N12-2019.08.29-16.17.09_DK19_3_0036.tif,571,461,1,14.72,14.72,20,-4195.2,-3385.6,-9980, 
DK19-N13-2019.08.29-16.20.32_DK19_1_0037.tif,578,459,1,14.72,14.72,20,-4246.72,-3370.88,-9940, 
DK19-N13-2019.08.29-16.20.32_DK19_2_0038.tif,587,468,1,14.72,14.72,20,-4312.96,-3437.12,-9900, 
DK19-N13-2019.08.29-16.20.32_DK19_3_0039.tif,587,477,1,14.72,14.72,20,-4312.96,-3503.36,-9860, 
DK19-N14-2019.08.29-16.24.18_DK19_1_0040.tif,653,486,1,14.72,14.72,20,-4798.72,-3569.6,-9820, 
DK19-N14-2019.08.29-16.24.18_DK19_2_0041.tif,679,486,1,14.72,14.72,20,-4990.08,-3569.6,-9780, 
DK19-N14-2019.08.29-16.24.18_DK19_3_0042.tif,688,486,1,14.72,14.72,20,-5056.32,-3569.6,-9740, 
DK19-N15-2019.08.29-16.27.46_DK19_1_0043.tif,646,423,1,14.72,14.72,20,-4747.2,-3105.92,-9700, 
DK19-N15-2019.08.29-16.27.46_DK19_2_0044.tif,628,423,1,14.72,14.72,20,-4614.72,-3105.92,-9660, 
DK19-N15-2019.08.29-16.27.46_DK19_3_0045.tif,628,432,1,14.72,14.72,20,-4614.72,-3172.16,-9620, 
DK19-N16-2019.08.29-16.31.04_DK19_1_0046.tif,612,437,1,14.72,14.72,20,-4496.96,-3208.96,-9580, 
DK19-N16-2019.08.29-16.31.04_DK19_2_0047.tif,621,445,1,14.72,14.72,20,-4563.2,-3267.84,-9540, 
DK19-N16-2019.08.29-16.31.04_DK19_3_0048.tif,621,445,1,14.72,14.72,20,-4563.2,-3267.84,-9500, 
DK19-N17-2019.08.29-16.34.28_DK19_1_0049.tif,679,514,1,14.72,14.72,20,-4990.08,-3775.68,-9460, 
DK19-N17-2019.08.29-16.34.28_DK19_2_0050.tif,688,522,1,14.72,14.72,20,-5056.32,-3834.56,-9420, 
DK19-N17-2019.08.29-16.34.28_DK19_3_0051.tif,688,531,1,14.72,14.72,20,-5056.32,-3900.8,-9380, 
DK19-N18-2019.08.29-16.38.47_DK19_1_0052.tif,638,463,1,14.72,14.72,20,-4688.32,-3400.32,-9340, 
DK19-N18-2019.08.29-16.38.47_DK19_2_0053.tif,622,459,1,14.72,14.72,20,-4570.56,-3370.88,-9300, 
DK19-N18-2019.08.29-16.38.47_DK19_3_0054.tif,622,468,1,14.72,14.72,20,-4570.56,-3437.12,-9260, 
DK19-N19-2019.08.29-16.42.13_DK19_1_0055.tif,631,471,1,14.72,14.72,20,-4636.8,-3459.2,-9220, 
DK19-N19-2019.08.29-16.42.13_DK19_2_0056.tif,640,471,1,14.72,14.72,20,-4703.04,-3459.2,-9180, 
DK19-N19-2019.08.29-16.42.13_DK19_3_0057.tif,648,480,1,14.72,14.72,20,-4761.92,-3525.44,-9140, 
DK19-N20-2019.08.29-16.46.03_DK19_1_0058.tif,714,544,1,14.72,14.72,20,-5247.68,-3996.48,-9100, 
DK19-N20-2019.08.29-16.46.03_DK19_2_0059.tif,723,544,1,14.72,14.72,20,-5313.92,-3996.48,-9060, 
DK19-N20-2019.08.29-16.46.03_DK19_3_0060.tif,723,552,1,14.72,14.72,20,-5313.92,-4055.36,-9020, 
DK19-N21-2019.08.29-16.49.54_DK19_1_0061.tif,688,482,1,14.72,14.72,20,-5056.32,-3540.16,-8980, 
DK19-N21-2019.08.29-16.49.54_DK19_2_0062.tif,697,491,1,14.72,14.72,20,-5122.56,-3606.4,-8940, 
DK19-N21-2019.08.29-16.49.54_DK19_3_0063.tif,697,491,1,14.72,14.72,20,-5122.56,-3606.4,-8900, 
DK19-N22-2019.08.29-16.53.27_DK19_1_0064.tif,729,563,1,14.72,14.72,20,-5358.08,-4136.32,-8860, 
DK19-N22-2019.08.29-16.53.27_DK19_2_0065.tif,738,563,1,14.72,14.72,20,-5424.32,-4136.32,-8820, 
DK19-N22-2019.08.29-16.53.27_DK19_3_0066.tif,747,572,1,14.72,14.72,20,-5490.56,-4202.56,-8780, 
DK19-N23-2019.08.29-16.57.23_DK19_1_0067.tif,739,574,1,14.72,14.72,20,-5431.68,-4217.28,-8740, 
DK19-N23-2019.08.29-16.57.23_DK19_2_0068.tif,739,574,1,14.72,14.72,20,-5431.68,-4217.28,-8700, 
DK19-N23-2019.08.29-16.57.23_DK19_3_0069.tif,748,574,1,14.72,14.72,20,-5497.92,-4217.28,-8660, 
DK19-N24-2019.08.29-17.01.26_DK19_1_0070.tif,739,584,1,14.72,14.72,20,-5431.68,-4290.88,-8620, 
DK19-N24-2019.08.29-17.01.26_DK19_2_0071.tif,757,584,1,14.72,14.72,20,-5564.16,-4290.88,-8580, 
DK19-N24-2019.08.29-17.01.26_DK19_3_0072.tif,757,584,1,14.72,14.72,20,-5564.16,-4290.88,-8540, 
DK19-N25-2019.08.29-17.05.22_DK19_1_0073.tif,703,519,1,14.72,14.72,20,-5166.72,-3812.48,-8500, 
DK19-N25-2019.08.29-17.05.22_DK19_2_0074.tif,691,519,1,14.72,14.72,20,-5078.4,-3812.48,-8460, 
DK19-N25-2019.08.29-17.05.22_DK19_3_0075.tif,700,528,1,14.72,14.72,20,-5144.64,-3878.72,-8420, 
DK19-N26-2019.08.29-17.09.28_DK19_1_0076.tif,756,588,1,14.72,14.72,20,-5556.8,-4320.32,-8380, 
DK19-N26-2019.08.29-17.09.28_DK19_2_0077.tif,764,597,1,14.72,14.72,20,-5615.68,-4386.56,-8340, 
DK19-N26-2019.08.29-17.09.28_DK19_3_0078.tif,773,597,1,14.72,14.72,20,-5681.92,-4386.56,-8300, 
DK19-N27-2019.08.29-17.13.29_DK19_1_0079.tif,799,597,1,14.72,14.72,20,-5873.28,-4386.56,-8260, 
DK19-N27-2019.08.29-17.13.29_DK19_2_0080.tif,799,589,1,14.72,14.72,20,-5873.28,-4327.68,-8220, 
DK19-N27-2019.08.29-17.13.29_DK19_3_0081.tif,808,597,1,14.72,14.72,20,-5939.52,-4386.56,-8180, 
DK19-N28-2019.08.29-17.18.05_DK19_1_0082.tif,816,601,1,14.72,14.72,20,-5998.4,-4416,-8140, 
DK19-N28-2019.08.29-17.18.05_DK19_2_0083.tif,781,601,1,14.72,14.72,20,-5740.8,-4416,-8100, 
DK19-N28-2019.08.29-17.18.05_DK19_3_0084.tif,789,601,1,14.72,14.72,20,-5799.68,-4416,-8060, 
DK19-N29-2019.08.29-17.22.07_DK19_1_0085.tif,781,611,1,14.72,14.72,20,-5740.8,-4489.6,-8020, 
DK19-N29-2019.08.29-17.22.07_DK19_2_0086.tif,798,611,1,14.72,14.72,20,-5865.92,-4489.6,-7980, 
DK19-N29-2019.08.29-17.22.07_DK19_3_0087.tif,798,620,1,14.72,14.72,20,-5865.92,-4555.84,-7940, 
DK19-N30-2019.08.29-17.26.06_DK19_1_0088.tif,762,542,1,14.72,14.72,20,-5600.96,-3981.76,-7900, 
DK19-N30-2019.08.29-17.26.06_DK19_2_0089.tif,768,542,1,14.72,14.72,20,-5645.12,-3981.76,-7860, 
DK19-N30-2019.08.29-17.26.06_DK19_3_0090.tif,776,550,1,14.72,14.72,20,-5704,-4040.64,-7820, 
DK19-N31-2019.08.29-17.30.58_DK19_1_0091.tif,867,618,1,14.72,14.72,20,-6373.76,-4541.12,-7780, 
DK19-N31-2019.08.29-17.30.58_DK19_2_0092.tif,876,617,1,14.72,14.72,20,-6440,-4533.76,-7740, 
DK19-N31-2019.08.29-17.30.58_DK19_3_0093.tif,876,617,1,14.72,14.72,20,-6440,-4533.76,-7700, 
DK19-N32-2019.08.29-17.35.21_DK19_1_0094.tif,804,616,1,14.72,14.72,20,-5910.08,-4526.4,-7660, 
DK19-N32-2019.08.29-17.35.21_DK19_2_0095.tif,804,616,1,14.72,14.72,20,-5910.08,-4526.4,-7620, 
DK19-N32-2019.08.29-17.35.21_DK19_3_0096.tif,804,625,1,14.72,14.72,20,-5910.08,-4592.64,-7580, 
DK19-N33-2019.08.29-17.39.44_DK19_1_0097.tif,782,548,1,14.72,14.72,20,-5748.16,-4025.92,-7540, 
DK19-N33-2019.08.29-17.39.44_DK19_2_0098.tif,782,557,1,14.72,14.72,20,-5748.16,-4092.16,-7500, 
DK19-N33-2019.08.29-17.39.44_DK19_3_0099.tif,791,565,1,14.72,14.72,20,-5814.4,-4151.04,-7460, 
DK19-N34-2019.08.29-17.43.54_DK19_1_0100.tif,851,637,1,14.72,14.72,20,-6256,-4680.96,-7420, 
DK19-N34-2019.08.29-17.43.54_DK19_2_0101.tif,859,637,1,14.72,14.72,20,-6314.88,-4680.96,-7380, 
DK19-N34-2019.08.29-17.43.54_DK19_3_0102.tif,868,637,1,14.72,14.72,20,-6381.12,-4680.96,-7340, 
DK19-N35-2019.08.29-17.48.51_DK19_1_0103.tif,868,634,1,14.72,14.72,20,-6381.12,-4658.88,-7300, 
DK19-N35-2019.08.29-17.48.51_DK19_2_0104.tif,877,634,1,14.72,14.72,20,-6447.36,-4658.88,-7260, 
DK19-N35-2019.08.29-17.48.51_DK19_3_0105.tif,877,634,1,14.72,14.72,20,-6447.36,-4658.88,-7220, 
DK19-N36-2019.08.29-17.53.09_DK19_1_0106.tif,877,637,1,14.72,14.72,20,-6447.36,-4680.96,-7180, 
DK19-N36-2019.08.29-17.53.09_DK19_2_0107.tif,894,637,1,14.72,14.72,20,-6572.48,-4680.96,-7140, 
DK19-N36-2019.08.29-17.53.09_DK19_3_0108.tif,886,637,1,14.72,14.72,20,-6513.6,-4680.96,-7100, 
DK19-N37-2019.08.29-17.57.25_DK19_1_0109.tif,834,632,1,14.72,14.72,20,-6130.88,-4644.16,-7060, 
DK19-N37-2019.08.29-17.57.25_DK19_2_0110.tif,843,571,1,14.72,14.72,20,-6197.12,-4195.2,-7020, 
DK19-N37-2019.08.29-17.57.25_DK19_3_0111.tif,843,597,1,14.72,14.72,20,-6197.12,-4386.56,-6980, 
DK19-N38-2019.08.29-18.02.01_DK19_1_0112.tif,894,643,1,14.72,14.72,20,-6572.48,-4725.12,-6940, 
DK19-N38-2019.08.29-18.02.01_DK19_2_0113.tif,912,643,1,14.72,14.72,20,-6704.96,-4725.12,-6900, 
DK19-N38-2019.08.29-18.02.01_DK19_3_0114.tif,903,643,1,14.72,14.72,20,-6638.72,-4725.12,-6860, 
DK19-N39-2019.08.29-18.06.19_DK19_1_0115.tif,851,637,1,14.72,14.72,20,-6256,-4680.96,-6820, 
DK19-N39-2019.08.29-18.06.19_DK19_2_0116.tif,859,645,1,14.72,14.72,20,-6314.88,-4739.84,-6780, 
DK19-N39-2019.08.29-18.06.19_DK19_3_0117.tif,868,645,1,14.72,14.72,20,-6381.12,-4739.84,-6740, 
DK19-N40-2019.08.29-18.11.23_DK19_1_0118.tif,798,635,1,14.72,14.72,20,-5865.92,-4666.24,-6700, 
DK19-N40-2019.08.29-18.11.23_DK19_2_0119.tif,824,644,1,14.72,14.72,20,-6057.28,-4732.48,-6660, 
DK19-N40-2019.08.29-18.11.23_DK19_3_0120.tif,824,653,1,14.72,14.72,20,-6057.28,-4798.72,-6620, 
DK19-N41-2019.08.29-18.17.10_DK19_1_0121.tif,894,646,1,14.72,14.72,20,-6572.48,-4747.2,-6580, 
DK19-N41-2019.08.29-18.17.10_DK19_2_0122.tif,912,646,1,14.72,14.72,20,-6704.96,-4747.2,-6540, 
DK19-N41-2019.08.29-18.17.10_DK19_3_0123.tif,903,646,1,14.72,14.72,20,-6638.72,-4747.2,-6500, 
DK19-N42-2019.08.29-18.21.29_DK19_1_0124.tif,893,643,1,14.72,14.72,20,-6565.12,-4725.12,-6460, 
DK19-N42-2019.08.29-18.21.29_DK19_2_0125.tif,832,652,1,14.72,14.72,20,-6116.16,-4791.36,-6420, 
DK19-N42-2019.08.29-18.21.29_DK19_3_0126.tif,841,652,1,14.72,14.72,20,-6182.4,-4791.36,-6380, 
DK19-N43-2019.08.29-18.26.33_DK19_1_0127.tif,884,654,1,14.72,14.72,20,-6498.88,-4806.08,-6340, 
DK19-N43-2019.08.29-18.26.33_DK19_2_0128.tif,893,654,1,14.72,14.72,20,-6565.12,-4806.08,-6300, 
DK19-N43-2019.08.29-18.26.33_DK19_3_0129.tif,963,645,1,14.72,14.72,20,-7080.32,-4739.84,-6260, 
DK19-N44-2019.08.29-18.30.51_DK19_1_0130.tif,892,640,1,14.72,14.72,20,-6557.76,-4703.04,-6220, 
DK19-N44-2019.08.29-18.30.51_DK19_2_0131.tif,901,640,1,14.72,14.72,20,-6624,-4703.04,-6180, 
DK19-N44-2019.08.29-18.30.51_DK19_3_0132.tif,927,640,1,14.72,14.72,20,-6815.36,-4703.04,-6140, 
DK19-N45-2019.08.29-18.35.12_DK19_1_0133.tif,902,640,1,14.72,14.72,20,-6631.36,-4703.04,-6100, 
DK19-N45-2019.08.29-18.35.12_DK19_2_0134.tif,928,640,1,14.72,14.72,20,-6822.72,-4703.04,-6060, 
DK19-N45-2019.08.29-18.35.12_DK19_3_0135.tif,946,640,1,14.72,14.72,20,-6955.2,-4703.04,-6020, 
DK19-N46-2019.08.29-18.39.53_DK19_1_0136.tif,830,586,1,14.72,14.72,20,-6101.44,-4305.6,-5980, 
DK19-N46-2019.08.29-18.39.53_DK19_2_0137.tif,950,590,1,14.72,14.72,20,-6984.64,-4335.04,-5940, 
DK19-N46-2019.08.29-18.39.53_DK19_3_0138.tif,968,608,1,14.72,14.72,20,-7117.12,-4467.52,-5900, 
DK19-N47-2019.08.29-18.44.47_DK19_1_0139.tif,832,618,1,14.72,14.72,20,-6116.16,-4541.12,-5860, 
DK19-N47-2019.08.29-18.44.47_DK19_2_0140.tif,882,622,1,14.72,14.72,20,-6484.16,-4570.56,-5820, 
DK19-N47-2019.08.29-18.44.47_DK19_3_0141.tif,952,613,1,14.72,14.72,20,-6999.36,-4504.32,-5780, 
DK19-N48-2019.08.29-18.49.01_DK19_1_0142.tif,925,637,1,14.72,14.72,20,-6800.64,-4680.96,-5740, 
DK19-N48-2019.08.29-18.49.01_DK19_2_0143.tif,993,629,1,14.72,14.72,20,-7301.12,-4622.08,-5700, 
DK19-N48-2019.08.29-18.49.01_DK19_3_0144.tif,984,633,1,14.72,14.72,20,-7234.88,-4651.52,-5660, 
DK19-N49-2019.08.29-18.54.07_DK19_1_0145.tif,989,626,1,14.72,14.72,20,-7271.68,-4600,-5620, 
DK19-N49-2019.08.29-18.54.07_DK19_2_0146.tif,998,591,1,14.72,14.72,20,-7337.92,-4342.4,-5580, 
DK19-N49-2019.08.29-18.54.07_DK19_3_0147.tif,990,608,1,14.72,14.72,20,-7279.04,-4467.52,-5540, 
DK19-N50-2019.08.29-18.59.49_DK19_1_0148.tif,971,624,1,14.72,14.72,20,-7139.2,-4585.28,-5500, 
DK19-N50-2019.08.29-18.59.49_DK19_2_0149.tif,977,620,1,14.72,14.72,20,-7183.36,-4555.84,-5460, 
DK19-N50-2019.08.29-18.59.49_DK19_3_0150.tif,977,620,1,14.72,14.72,20,-7183.36,-4555.84,-5420, 
DK19-N51-2019.08.29-19.04.52_DK19_1_0151.tif,1076,664,1,14.72,14.72,20,-7912,-4879.68,-5380, 
DK19-N51-2019.08.29-19.04.52_DK19_2_0152.tif,1076,655,1,14.72,14.72,20,-7912,-4813.44,-5340, 
DK19-N51-2019.08.29-19.04.52_DK19_3_0153.tif,1076,655,1,14.72,14.72,20,-7912,-4813.44,-5300, 
DK19-N52-2019.08.29-19.10.31_DK19_1_0154.tif,1032,596,1,14.72,14.72,20,-7588.16,-4379.2,-5260, 
DK19-N52-2019.08.29-19.10.31_DK19_2_0155.tif,1041,627,1,14.72,14.72,20,-7654.4,-4607.36,-5220, 
DK19-N52-2019.08.29-19.10.31_DK19_3_0156.tif,1050,618,1,14.72,14.72,20,-7720.64,-4541.12,-5180, 
DK19-N53-2019.08.29-19.15.05_DK19_1_0157.tif,1032,620,1,14.72,14.72,20,-7588.16,-4555.84,-5140, 
DK19-N53-2019.08.29-19.15.05_DK19_2_0158.tif,1003,633,1,14.72,14.72,20,-7374.72,-4651.52,-5100, 
DK19-N53-2019.08.29-19.15.05_DK19_3_0159.tif,1012,620,1,14.72,14.72,20,-7440.96,-4555.84,-5060, 
DK19-N54-2019.08.29-19.19.42_DK19_1_0160.tif,988,581,1,14.72,14.72,20,-7264.32,-4268.8,-5020, 
DK19-N54-2019.08.29-19.19.42_DK19_2_0161.tif,988,581,1,14.72,14.72,20,-7264.32,-4268.8,-4980, 
DK19-N54-2019.08.29-19.19.42_DK19_3_0162.tif,997,612,1,14.72,14.72,20,-7330.56,-4496.96,-4940, 
DK19-N55-2019.08.29-19.24.14_DK19_1_0163.tif,1041,610,1,14.72,14.72,20,-7654.4,-4482.24,-4900, 
DK19-N55-2019.08.29-19.24.14_DK19_2_0164.tif,1041,619,1,14.72,14.72,20,-7654.4,-4548.48,-4860, 
DK19-N55-2019.08.29-19.24.14_DK19_3_0165.tif,1050,606,1,14.72,14.72,20,-7720.64,-4452.8,-4820, 
DK19-N56-2019.08.29-19.28.57_DK19_1_0166.tif,1022,610,1,14.72,14.72,20,-7514.56,-4482.24,-4780, 
DK19-N56-2019.08.29-19.28.57_DK19_2_0167.tif,1031,627,1,14.72,14.72,20,-7580.8,-4607.36,-4740, 
DK19-N56-2019.08.29-19.28.57_DK19_3_0168.tif,1092,618,1,14.72,14.72,20,-8029.76,-4541.12,-4700, 
DK19-N57-2019.08.29-19.33.25_DK19_1_0169.tif,1032,588,1,14.72,14.72,20,-7588.16,-4320.32,-4660, 
DK19-N57-2019.08.29-19.33.25_DK19_2_0170.tif,1041,579,1,14.72,14.72,20,-7654.4,-4254.08,-4620, 
DK19-N57-2019.08.29-19.33.25_DK19_3_0171.tif,1050,579,1,14.72,14.72,20,-7720.64,-4254.08,-4580, 
DK19-N58-2019.08.29-19.38.33_DK19_1_0172.tif,1064,567,1,14.72,14.72,20,-7823.68,-4165.76,-4540, 
DK19-N58-2019.08.29-19.38.33_DK19_2_0173.tif,1038,584,1,14.72,14.72,20,-7632.32,-4290.88,-4500, 
DK19-N58-2019.08.29-19.38.33_DK19_3_0174.tif,1056,576,1,14.72,14.72,20,-7764.8,-4232,-4460, 
DK19-N59-2019.08.29-19.42.58_DK19_1_0175.tif,1152,653,1,14.72,14.72,20,-8471.36,-4798.72,-4420, 
DK19-N59-2019.08.29-19.42.58_DK19_2_0176.tif,1161,644,1,14.72,14.72,20,-8537.6,-4732.48,-4380, 
DK19-N60-2019.08.29-19.47.18_DK19_1_0178.tif,1074,580,1,14.72,14.72,20,-7897.28,-4261.44,-4300, 
DK19-N60-2019.08.29-19.47.18_DK19_2_0179.tif,1083,571,1,14.72,14.72,20,-7963.52,-4195.2,-4260, 
DK19-N61-2019.08.29-19.50.48_DK19_1_0181.tif,1072,579,1,14.72,14.72,20,-7882.56,-4254.08,-4180, 
DK19-N61-2019.08.29-19.50.48_DK19_2_0182.tif,1089,570,1,14.72,14.72,20,-8007.68,-4187.84,-4140, 
DK19-N62-2019.08.29-19.54.31_DK19_1_0184.tif,1176,645,1,14.72,14.72,20,-8648,-4739.84,-4060, 
DK19-N62-2019.08.29-19.54.31_DK19_2_0185.tif,1167,653,1,14.72,14.72,20,-8581.76,-4798.72,-4020, 
DK19-N63-2019.08.29-19.58.18_DK19_1_0187.tif,1194,663,1,14.72,14.72,20,-8780.48,-4872.32,-3940, 
DK19-N63-2019.08.29-19.58.18_DK19_2_0188.tif,1203,645,1,14.72,14.72,20,-8846.72,-4739.84,-3900, 
DK19-N64-2019.08.29-20.02.05_DK19_1_0190.tif,1116,574,1,14.72,14.72,20,-8206.4,-4217.28,-3820, 
DK19-N64-2019.08.29-20.02.05_DK19_2_0191.tif,1116,574,1,14.72,14.72,20,-8206.4,-4217.28,-3780, 
DK19-N65-2019.08.29-20.05.39_DK19_1_0193.tif,1130,570,1,14.72,14.72,20,-8309.44,-4187.84,-3700, 
DK19-N65-2019.08.29-20.05.39_DK19_2_0194.tif,1121,579,1,14.72,14.72,20,-8243.2,-4254.08,-3660, 
DK19-N66-2019.08.29-20.09.27_DK19_1_0196.tif,1018,581,1,14.72,14.72,20,-7485.12,-4268.8,-3580, 
DK19-N66-2019.08.29-20.09.27_DK19_2_0197.tif,1115,581,1,14.72,14.72,20,-8199.04,-4268.8,-3540, 
DK19-N67-2019.08.29-20.12.43_DK19_1_0199.tif,1183,654,1,14.72,14.72,20,-8699.52,-4806.08,-3460, 
DK19-N67-2019.08.29-20.12.43_DK19_2_0200.tif,1192,645,1,14.72,14.72,20,-8765.76,-4739.84,-3420, 
DK19-N68-2019.08.29-20.16.57_DK19_1_0202.tif,1142,584,1,14.72,14.72,20,-8397.76,-4290.88,-3340, 
DK19-N68-2019.08.29-20.16.57_DK19_2_0203.tif,1151,575,1,14.72,14.72,20,-8464,-4224.64,-3300, 
DK19-N69-2019.08.29-20.20.20_DK19_1_0205.tif,1116,590,1,14.72,14.72,20,-8206.4,-4335.04,-3220, 
DK19-N69-2019.08.29-20.20.20_DK19_2_0206.tif,1102,581,1,14.72,14.72,20,-8103.36,-4268.8,-3180, 
DK19-N70-2019.08.29-20.23.59_DK19_1_0208.tif,1211,663,1,14.72,14.72,20,-8905.6,-4872.32,-3100, 
DK19-N70-2019.08.29-20.23.59_DK19_2_0209.tif,1211,637,1,14.72,14.72,20,-8905.6,-4680.96,-3060, 
DK19-N71-2019.08.29-20.27.41_DK19_1_0211.tif,1244,589,1,14.72,14.72,20,-9148.48,-4327.68,-2980, 
DK19-N71-2019.08.29-20.27.41_DK19_2_0212.tif,1104,619,1,14.72,14.72,20,-8118.08,-4548.48,-2940, 
DK19-N72-2019.08.29-20.31.49_DK19_1_0214.tif,1117,578,1,14.72,14.72,20,-8213.76,-4246.72,-2860, 
DK19-N72-2019.08.29-20.31.49_DK19_2_0215.tif,1108,577,1,14.72,14.72,20,-8147.52,-4239.36,-2820, 
DK19-N73-2019.08.29-20.35.46_DK19_1_0217.tif,1237,647,1,14.72,14.72,20,-9096.96,-4754.56,-2740, 
DK19-N73-2019.08.29-20.35.46_DK19_2_0218.tif,1237,664,1,14.72,14.72,20,-9096.96,-4879.68,-2700, 
DK19-N74-2019.08.29-20.39.21_DK19_1_0220.tif,1158,600,1,14.72,14.72,20,-8515.52,-4408.64,-2620, 
DK19-N74-2019.08.29-20.39.21_DK19_2_0221.tif,1158,565,1,14.72,14.72,20,-8515.52,-4151.04,-2580, 
DK19-N75-2019.08.29-20.42.45_DK19_1_0223.tif,1123,586,1,14.72,14.72,20,-8257.92,-4305.6,-2500, 
DK19-N75-2019.08.29-20.42.45_DK19_2_0224.tif,1116,577,1,14.72,14.72,20,-8206.4,-4239.36,-2460, 
DK19-N76-2019.08.29-20.46.45_DK19_1_0226.tif,1151,582,1,14.72,14.72,20,-8464,-4276.16,-2380, 
DK19-N76-2019.08.29-20.46.45_DK19_2_0227.tif,1142,582,1,14.72,14.72,20,-8397.76,-4276.16,-2340, 
DK19-N77-2019.08.29-20.50.13_DK19_1_0229.tif,1168,581,1,14.72,14.72,20,-8589.12,-4268.8,-2260, 
DK19-N77-2019.08.29-20.50.13_DK19_2_0230.tif,1177,589,1,14.72,14.72,20,-8655.36,-4327.68,-2220, 
DK19-N78-2019.08.29-20.53.47_DK19_1_0232.tif,1200,604,1,14.72,14.72,20,-8824.64,-4438.08,-2140, 
DK19-N78-2019.08.29-20.53.47_DK19_2_0233.tif,1180,626,1,14.72,14.72,20,-8677.44,-4600,-2100, 
DK19-N79-2019.08.29-20.57.23_DK19_1_0235.tif,1158,640,1,14.72,14.72,20,-8515.52,-4703.04,-2020, 
DK19-N79-2019.08.29-20.57.23_DK19_2_0236.tif,1176,579,1,14.72,14.72,20,-8648,-4254.08,-1980, 
DK19-N80-2019.08.29-21.01.02_DK19_1_0238.tif,1157,594,1,14.72,14.72,20,-8508.16,-4364.48,-1900, 
DK19-N80-2019.08.29-21.01.02_DK19_2_0239.tif,1165,620,1,14.72,14.72,20,-8567.04,-4555.84,-1860, 
DK19-N81-2019.08.29-21.04.34_DK19_1_0241.tif,1209,597,1,14.72,14.72,20,-8890.88,-4386.56,-1780, 
DK19-N81-2019.08.29-21.04.34_DK19_2_0242.tif,1193,593,1,14.72,14.72,20,-8773.12,-4357.12,-1740, 
DK19-N82-2019.08.29-21.08.08_DK19_1_0244.tif,1209,611,1,14.72,14.72,20,-8890.88,-4489.6,-1660, 
DK19-N82-2019.08.29-21.08.08_DK19_2_0245.tif,1185,594,1,14.72,14.72,20,-8714.24,-4364.48,-1620, 
DK19-N83-2019.08.29-21.12.41_DK19_1_0247.tif,1241,608,1,14.72,14.72,20,-9126.4,-4467.52,-1540, 
DK19-N83-2019.08.29-21.12.41_DK19_2_0248.tif,1203,595,1,14.72,14.72,20,-8846.72,-4371.84,-1500, 
DK19-N84-2019.08.29-21.16.52_DK19_1_0250.tif,1190,632,1,14.72,14.72,20,-8751.04,-4644.16,-1420, 
DK19-N84-2019.08.29-21.16.52_DK19_2_0251.tif,1196,554,1,14.72,14.72,20,-8795.2,-4070.08,-1380, 
DK19-N85-2019.08.29-21.20.26_DK19_1_0253.tif,1176,597,1,14.72,14.72,20,-8648,-4386.56,-1300, 
DK19-N85-2019.08.29-21.20.26_DK19_2_0254.tif,1199,619,1,14.72,14.72,20,-8817.28,-4548.48,-1260, 
DK19-N86-2019.08.29-21.24.10_DK19_1_0256.tif,1227,624,1,14.72,14.72,20,-9023.36,-4585.28,-1180, 
DK19-N86-2019.08.29-21.24.10_DK19_2_0257.tif,1202,589,1,14.72,14.72,20,-8839.36,-4327.68,-1140, 
DK19-N87-2019.08.29-21.27.58_DK19_1_0259.tif,1211,614,1,14.72,14.72,20,-8905.6,-4511.68,-1060, 
DK19-N87-2019.08.29-21.27.58_DK19_2_0260.tif,1193,579,1,14.72,14.72,20,-8773.12,-4254.08,-1020, 
DK19-N88-2019.08.29-21.31.57_DK19_1_0262.tif,1392,634,1,14.72,14.72,20,-10237.76,-4658.88,-940, 
DK19-N88-2019.08.29-21.31.57_DK19_2_0263.tif,1423,625,1,14.72,14.72,20,-10465.92,-4592.64,-900, 
DK19-N89-2019.08.29-21.36.03_DK19_1_0265.tif,1342,592,1,14.72,14.72,20,-9869.76,-4349.76,-820, 
DK19-N89-2019.08.29-21.36.03_DK19_2_0266.tif,1329,583,1,14.72,14.72,20,-9774.08,-4283.52,-780, 
DK19-N90-2019.08.29-21.39.58_DK19_1_0268.tif,1369,581,1,14.72,14.72,20,-10068.48,-4268.8,-700, 
DK19-N90-2019.08.29-21.39.58_DK19_2_0269.tif,1329,581,1,14.72,14.72,20,-9774.08,-4268.8,-660, 
DK19-N91-2019.08.29-21.44.00_DK19_1_0271.tif,1344,600,1,14.72,14.72,20,-9884.48,-4408.64,-580, 
DK19-N91-2019.08.29-21.44.00_DK19_2_0272.tif,1322,583,1,14.72,14.72,20,-9722.56,-4283.52,-540, 
DK19-N92-2019.08.29-21.48.01_DK19_1_0274.tif,1294,639,1,14.72,14.72,20,-9516.48,-4695.68,-460, 
DK19-N92-2019.08.29-21.48.01_DK19_2_0275.tif,1322,586,1,14.72,14.72,20,-9722.56,-4305.6,-420, 
DK19-N93-2019.08.29-21.52.24_DK19_1_0277.tif,1408,583,1,14.72,14.72,20,-10355.52,-4283.52,-340, 
DK19-N93-2019.08.29-21.52.24_DK19_2_0278.tif,1338,574,1,14.72,14.72,20,-9840.32,-4217.28,-300, 
DK19-N94-2019.08.29-21.56.15_DK19_1_0280.tif,1361,576,1,14.72,14.72,20,-10009.6,-4232,-220, 
DK19-N94-2019.08.29-21.56.15_DK19_2_0281.tif,1348,593,1,14.72,14.72,20,-9913.92,-4357.12,-180, 
DK19-N95-2019.08.29-22.00.00_DK19_1_0283.tif,1416,573,1,14.72,14.72,20,-10414.4,-4209.92,-100, 
DK19-N95-2019.08.29-22.00.00_DK19_2_0284.tif,1442,582,1,14.72,14.72,20,-10605.76,-4276.16,-60, 
DK19-N96-2019.08.29-22.03.52_DK19_1_0286.tif,1258,680,1,14.72,14.72,20,-9251.52,-4997.44,20, 
DK19-N96-2019.08.29-22.03.52_DK19_2_0287.tif,1386,615,1,14.72,14.72,20,-10193.6,-4519.04,60, 
DK19-N97-2019.08.29-22.07.45_DK19_1_0289.tif,1369,600,1,14.72,14.72,20,-10068.48,-4408.64,140, 
DK19-N97-2019.08.29-22.07.45_DK19_2_0290.tif,1318,639,1,14.72,14.72,20,-9693.12,-4695.68,180, 
DK19-N98-2019.08.29-22.12.39_DK19_1_0292.tif,1386,635,1,14.72,14.72,20,-10193.6,-4666.24,260, 
DK19-N98-2019.08.29-22.12.39_DK19_2_0293.tif,1357,644,1,14.72,14.72,20,-9980.16,-4732.48,300, 
DK19-N99-2019.08.29-22.16.51_DK19_1_0295.tif,1354,647,1,14.72,14.72,20,-9958.08,-4754.56,380, 
DK19-N99-2019.08.29-22.16.51_DK19_2_0296.tif,1387,647,1,14.72,14.72,20,-10200.96,-4754.56,420, 
DK19-N100-2019.08.29-22.21.04_DK19_1_0298.tif,1382,756,1,14.72,14.72,20,-10164.16,-5556.8,500, 
DK19-N100-2019.08.29-22.21.04_DK19_2_0299.tif,1440,760,1,14.72,14.72,20,-10591.04,-5586.24,540, 
DK19-N101-2019.08.29-22.25.56_DK19_1_0301.tif,1366,675,1,14.72,14.72,20,-10046.4,-4960.64,620, 
DK19-N101-2019.08.29-22.25.56_DK19_2_0302.tif,1415,692,1,14.72,14.72,20,-10407.04,-5085.76,660, 
DK19-N102-2019.08.29-22.30.07_DK19_1_0304.tif,1494,712,1,14.72,14.72,20,-10988.48,-5232.96,740, 
DK19-N102-2019.08.29-22.30.07_DK19_2_0305.tif,1400,634,1,14.72,14.72,20,-10296.64,-4658.88,780, 
DK19-N103-2019.08.29-22.34.18_DK19_1_0307.tif,1459,691,1,14.72,14.72,20,-10730.88,-5078.4,860, 
DK19-N103-2019.08.29-22.34.18_DK19_2_0308.tif,1435,661,1,14.72,14.72,20,-10554.24,-4857.6,900, 
DK19-N104-2019.08.29-22.38.35_DK19_1_0310.tif,1417,624,1,14.72,14.72,20,-10421.76,-4585.28,980, 
DK19-N104-2019.08.29-22.38.35_DK19_2_0311.tif,1404,571,1,14.72,14.72,20,-10326.08,-4195.2,1020, 
DK19-N105-2019.08.29-22.42.38_DK19_1_0313.tif,1420,717,1,14.72,14.72,20,-10443.84,-5269.76,1100, 
DK19-N105-2019.08.29-22.42.38_DK19_2_0314.tif,1437,643,1,14.72,14.72,20,-10568.96,-4725.12,1140, 
DK19-N106-2019.08.29-22.47.14_DK19_1_0316.tif,1411,644,1,14.72,14.72,20,-10377.6,-4732.48,1220, 
DK19-N106-2019.08.29-22.47.14_DK19_2_0317.tif,1433,653,1,14.72,14.72,20,-10539.52,-4798.72,1260, 
DK19-N107-2019.08.29-22.51.18_DK19_1_0319.tif,1451,683,1,14.72,14.72,20,-10672,-5019.52,1340, 
DK19-N107-2019.08.29-22.51.18_DK19_2_0320.tif,1492,700,1,14.72,14.72,20,-10973.76,-5144.64,1380, 
DK19-N108-2019.08.29-22.55.42_DK19_1_0322.tif,1484,752,1,14.72,14.72,20,-10914.88,-5527.36,1460, 
DK19-N108-2019.08.29-22.55.42_DK19_2_0323.tif,1519,722,1,14.72,14.72,20,-11172.48,-5306.56,1500, 
DK19-N109-2019.08.29-23.00.00_DK19_1_0325.tif,1424,742,1,14.72,14.72,20,-10473.28,-5453.76,1580, 
DK19-N109-2019.08.29-23.00.00_DK19_2_0326.tif,1470,720,1,14.72,14.72,20,-10811.84,-5291.84,1620, 
DK19-N110-2019.08.29-23.04.39_DK19_1_0328.tif,1416,734,1,14.72,14.72,20,-10414.4,-5394.88,1700, 
DK19-N110-2019.08.29-23.04.39_DK19_2_0329.tif,1499,730,1,14.72,14.72,20,-11025.28,-5365.44,1740, 
DK19-N111-2019.08.29-23.08.52_DK19_1_0331.tif,1429,678,1,14.72,14.72,20,-10510.08,-4982.72,1820, 
DK19-N111-2019.08.29-23.08.52_DK19_2_0332.tif,1551,704,1,14.72,14.72,20,-11408,-5174.08,1860, 
DK19-N112-2019.08.29-23.13.15_DK19_1_0334.tif,1441,580,1,14.72,14.72,20,-10598.4,-4261.44,1940, 
DK19-N112-2019.08.29-23.13.15_DK19_2_0335.tif,1394,575,1,14.72,14.72,20,-10252.48,-4224.64,1980, 
DK19-N113-2019.08.29-23.17.08_DK19_1_0337.tif,1398,586,1,14.72,14.72,20,-10281.92,-4305.6,2060, 
DK19-N113-2019.08.29-23.17.08_DK19_2_0338.tif,1398,577,1,14.72,14.72,20,-10281.92,-4239.36,2100, 
DK19-N114-2019.08.29-23.20.53_DK19_1_0340.tif,1380,584,1,14.72,14.72,20,-10149.44,-4290.88,2180, 
DK19-N114-2019.08.29-23.20.53_DK19_2_0341.tif,1372,576,1,14.72,14.72,20,-10090.56,-4232,2220, 
DK19-N115-2019.08.29-23.24.40_DK19_1_0343.tif,1398,645,1,14.72,14.72,20,-10281.92,-4739.84,2300, 
DK19-N115-2019.08.29-23.24.40_DK19_2_0344.tif,1387,570,1,14.72,14.72,20,-10200.96,-4187.84,2340, 
DK19-N116-2019.08.29-23.28.40_DK19_1_0346.tif,1373,578,1,14.72,14.72,20,-10097.92,-4246.72,2420, 
DK19-N116-2019.08.29-23.28.40_DK19_2_0347.tif,1373,577,1,14.72,14.72,20,-10097.92,-4239.36,2460, 
DK19-N117-2019.08.29-23.32.45_DK19_1_0349.tif,1374,608,1,14.72,14.72,20,-10105.28,-4467.52,2540, 
DK19-N117-2019.08.29-23.32.45_DK19_2_0350.tif,1374,582,1,14.72,14.72,20,-10105.28,-4276.16,2580, 
DK19-N118-2019.08.29-23.36.31_DK19_1_0352.tif,1382,583,1,14.72,14.72,20,-10164.16,-4283.52,2660, 
DK19-N118-2019.08.29-23.36.31_DK19_2_0353.tif,1369,583,1,14.72,14.72,20,-10068.48,-4283.52,2700, 
DK19-N119-2019.08.29-23.40.24_DK19_1_0355.tif,1392,588,1,14.72,14.72,20,-10237.76,-4320.32,2780, 
DK19-N119-2019.08.29-23.40.24_DK19_2_0356.tif,1401,588,1,14.72,14.72,20,-10304,-4320.32,2820, 
DK19-N120-2019.08.29-23.44.11_DK19_1_0358.tif,1364,581,1,14.72,14.72,20,-10031.68,-4268.8,2900, 
DK19-N120-2019.08.29-23.44.11_DK19_2_0359.tif,1364,581,1,14.72,14.72,20,-10031.68,-4268.8,2940, 
DK19-N121-2019.08.29-23.48.04_DK19_1_0361.tif,1407,583,1,14.72,14.72,20,-10348.16,-4283.52,3020, 
DK19-N121-2019.08.29-23.48.04_DK19_2_0362.tif,1402,583,1,14.72,14.72,20,-10311.36,-4283.52,3060, 
DK19-N122-2019.08.29-23.52.01_DK19_1_0364.tif,1347,581,1,14.72,14.72,20,-9906.56,-4268.8,3140, 
DK19-N122-2019.08.29-23.52.01_DK19_2_0365.tif,1329,599,1,14.72,14.72,20,-9774.08,-4401.28,3180, 
DK19-N123-2019.08.29-23.55.59_DK19_1_0367.tif,1356,632,1,14.72,14.72,20,-9972.8,-4644.16,3260, 
DK19-N123-2019.08.29-23.55.59_DK19_2_0368.tif,1340,588,1,14.72,14.72,20,-9855.04,-4320.32,3300, 
DK19-N124-2019.08.30-00.01.09_DK19_1_0370.tif,1480,647,1,14.72,14.72,20,-10885.44,-4754.56,3380, 
DK19-N124-2019.08.30-00.01.09_DK19_2_0371.tif,1445,664,1,14.72,14.72,20,-10627.84,-4879.68,3420, 
DK19-N125-2019.08.30-00.05.04_DK19_1_0373.tif,1357,576,1,14.72,14.72,20,-9980.16,-4232,3500, 
DK19-N125-2019.08.30-00.05.04_DK19_2_0374.tif,1331,576,1,14.72,14.72,20,-9788.8,-4232,3540, 
DK19-N126-2019.08.30-00.08.46_DK19_1_0376.tif,1373,632,1,14.72,14.72,20,-10097.92,-4644.16,3620, 
DK19-N126-2019.08.30-00.08.46_DK19_2_0377.tif,1347,580,1,14.72,14.72,20,-9906.56,-4261.44,3660, 
DK19-N127-2019.08.30-00.12.36_DK19_1_0379.tif,1373,640,1,14.72,14.72,20,-10097.92,-4703.04,3740, 
DK19-N127-2019.08.30-00.12.36_DK19_2_0380.tif,1331,579,1,14.72,14.72,20,-9788.8,-4254.08,3780, 
DK19-N128-2019.08.30-00.16.40_DK19_1_0382.tif,1357,640,1,14.72,14.72,20,-9980.16,-4703.04,3860, 
DK19-N128-2019.08.30-00.16.40_DK19_2_0383.tif,1392,648,1,14.72,14.72,20,-10237.76,-4761.92,3900, 
DK19-N129-2019.08.30-00.20.40_DK19_1_0385.tif,1416,573,1,14.72,14.72,20,-10414.4,-4209.92,3980, 
DK19-N129-2019.08.30-00.20.40_DK19_2_0386.tif,1407,573,1,14.72,14.72,20,-10348.16,-4209.92,4020, 
DK19-N130-2019.08.30-00.24.34_DK19_1_0388.tif,1158,578,1,14.72,14.72,20,-8515.52,-4246.72,4100, 
DK19-N130-2019.08.30-00.24.34_DK19_2_0389.tif,1381,577,1,14.72,14.72,20,-10156.8,-4239.36,4140, 
DK19-N131-2019.08.30-00.28.20_DK19_1_0391.tif,1373,632,1,14.72,14.72,20,-10097.92,-4644.16,4220, 
DK19-N131-2019.08.30-00.28.20_DK19_2_0392.tif,1399,641,1,14.72,14.72,20,-10289.28,-4710.4,4260, 
DK19-N132-2019.08.30-00.33.06_DK19_1_0394.tif,1279,640,1,14.72,14.72,20,-9406.08,-4703.04,4340, 
DK19-N132-2019.08.30-00.33.06_DK19_2_0395.tif,1332,631,1,14.72,14.72,20,-9796.16,-4636.8,4380, 
DK19-N133-2019.08.30-00.36.53_DK19_1_0397.tif,1356,572,1,14.72,14.72,20,-9972.8,-4202.56,4460, 
DK19-N133-2019.08.30-00.36.53_DK19_2_0398.tif,1408,598,1,14.72,14.72,20,-10355.52,-4393.92,4500, 
DK19-N134-2019.08.30-00.40.42_DK19_1_0400.tif,1436,642,1,14.72,14.72,20,-10561.6,-4717.76,4580, 
DK19-N134-2019.08.30-00.40.42_DK19_2_0401.tif,1304,651,1,14.72,14.72,20,-9590.08,-4784,4620, 
DK19-N135-2019.08.30-00.44.30_DK19_1_0403.tif,1425,563,1,14.72,14.72,20,-10480.64,-4136.32,4700, 
DK19-N135-2019.08.30-00.44.30_DK19_2_0404.tif,1429,672,1,14.72,14.72,20,-10510.08,-4938.56,4740, 
DK19-N136-2019.08.30-00.48.41_DK19_1_0406.tif,1424,634,1,14.72,14.72,20,-10473.28,-4658.88,4820, 
DK19-N136-2019.08.30-00.48.41_DK19_2_0407.tif,1416,674,1,14.72,14.72,20,-10414.4,-4953.28,4860, 
DK19-N137-2019.08.30-00.53.20_DK19_1_0409.tif,1502,712,1,14.72,14.72,20,-11047.36,-5232.96,4940, 
DK19-N137-2019.08.30-00.53.20_DK19_2_0410.tif,1473,651,1,14.72,14.72,20,-10833.92,-4784,4980, 
DK19-N138-2019.08.30-00.58.07_DK19_1_0412.tif,1433,768,1,14.72,14.72,20,-10539.52,-5645.12,5060, 
DK19-N138-2019.08.30-00.58.07_DK19_2_0413.tif,1509,738,1,14.72,14.72,20,-11098.88,-5424.32,5100, 
DK19-N139-2019.08.30-01.03.27_DK19_1_0415.tif,1514,864,1,14.72,14.72,20,-11135.68,-6351.68,5180, 
DK19-N139-2019.08.30-01.03.27_DK19_2_0416.tif,1553,755,1,14.72,14.72,20,-11422.72,-5549.44,5220, 
DK19-N140-2019.08.30-01.08.39_DK19_1_0418.tif,1439,742,1,14.72,14.72,20,-10583.68,-5453.76,5300, 
DK19-N140-2019.08.30-01.08.39_DK19_2_0419.tif,1439,768,1,14.72,14.72,20,-10583.68,-5645.12,5340, 
DK19-N141-2019.08.30-01.13.44_DK19_1_0421.tif,1496,735,1,14.72,14.72,20,-11003.2,-5402.24,5420, 
DK19-N141-2019.08.30-01.13.44_DK19_2_0422.tif,1566,704,1,14.72,14.72,20,-11518.4,-5174.08,5460, 
DK19-N142-2019.08.30-01.18.35_DK19_1_0424.tif,1489,751,1,14.72,14.72,20,-10951.68,-5520,5540, 
DK19-N142-2019.08.30-01.18.35_DK19_2_0425.tif,1519,816,1,14.72,14.72,20,-11172.48,-5998.4,5580, 
DK19-N143-2019.08.30-01.22.57_DK19_1_0427.tif,1404,751,1,14.72,14.72,20,-10326.08,-5520,5660, 
DK19-N143-2019.08.30-01.22.57_DK19_2_0428.tif,1405,764,1,14.72,14.72,20,-10333.44,-5615.68,5700, 
DK19-N144-2019.08.30-01.27.26_DK19_1_0430.tif,1555,792,1,14.72,14.72,20,-11437.44,-5821.76,5780, 
DK19-N144-2019.08.30-01.27.26_DK19_2_0431.tif,1546,766,1,14.72,14.72,20,-11371.2,-5630.4,5820, 
DK19-N145-2019.08.30-01.33.24_DK19_1_0433.tif,1331,744,1,14.72,14.72,20,-9788.8,-5468.48,5900, 
DK19-N145-2019.08.30-01.33.24_DK19_2_0434.tif,1414,783,1,14.72,14.72,20,-10399.68,-5755.52,5940, 
DK19-N146-2019.08.30-01.39.10_DK19_1_0436.tif,1373,680,1,14.72,14.72,20,-10097.92,-4997.44,6020, 
DK19-N146-2019.08.30-01.39.10_DK19_2_0437.tif,1408,680,1,14.72,14.72,20,-10355.52,-4997.44,6060, 
DK19-N147-2019.08.30-01.43.10_DK19_1_0439.tif,1413,717,1,14.72,14.72,20,-10392.32,-5269.76,6140, 
DK19-N147-2019.08.30-01.43.10_DK19_2_0440.tif,1417,722,1,14.72,14.72,20,-10421.76,-5306.56,6180, 
DK19-N148-2019.08.30-01.47.59_DK19_1_0442.tif,1506,685,1,14.72,14.72,20,-11076.8,-5034.24,6260, 
DK19-N148-2019.08.30-01.47.59_DK19_2_0443.tif,1524,693,1,14.72,14.72,20,-11209.28,-5093.12,6300, 
DK19-N149-2019.08.30-01.52.07_DK19_1_0445.tif,1413,768,1,14.72,14.72,20,-10392.32,-5645.12,6380, 
DK19-N149-2019.08.30-01.52.07_DK19_2_0446.tif,1443,755,1,14.72,14.72,20,-10613.12,-5549.44,6420, 
DK19-N150-2019.08.30-01.56.17_DK19_1_0448.tif,1367,683,1,14.72,14.72,20,-10053.76,-5019.52,6500, 
DK19-N150-2019.08.30-01.56.17_DK19_2_0449.tif,1464,704,1,14.72,14.72,20,-10767.68,-5174.08,6540, 
DK19-N151-2019.08.30-02.00.25_DK19_1_0451.tif,1199,618,1,14.72,14.72,20,-8817.28,-4541.12,6620, 
DK19-N151-2019.08.30-02.00.25_DK19_2_0452.tif,1212,631,1,14.72,14.72,20,-8912.96,-4636.8,6660, 
DK19-N152-2019.08.30-02.04.16_DK19_1_0454.tif,1252,648,1,14.72,14.72,20,-9207.36,-4761.92,6740, 
DK19-N152-2019.08.30-02.04.16_DK19_2_0455.tif,1296,574,1,14.72,14.72,20,-9531.2,-4217.28,6780, 
DK19-N153-2019.08.30-02.08.26_DK19_1_0457.tif,1240,631,1,14.72,14.72,20,-9119.04,-4636.8,6860, 
DK19-N153-2019.08.30-02.08.26_DK19_2_0458.tif,1209,596,1,14.72,14.72,20,-8890.88,-4379.2,6900, 
DK19-N154-2019.08.30-02.12.11_DK19_1_0460.tif,1195,547,1,14.72,14.72,20,-8787.84,-4018.56,6980, 
DK19-N154-2019.08.30-02.12.11_DK19_2_0461.tif,1243,595,1,14.72,14.72,20,-9141.12,-4371.84,7020, 
DK19-N155-2019.08.30-02.15.58_DK19_1_0463.tif,1197,595,1,14.72,14.72,20,-8802.56,-4371.84,7100, 
DK19-N155-2019.08.30-02.15.58_DK19_2_0464.tif,1211,573,1,14.72,14.72,20,-8905.6,-4209.92,7140, 
DK19-N156-2019.08.30-02.19.56_DK19_1_0466.tif,1184,603,1,14.72,14.72,20,-8706.88,-4430.72,7220, 
DK19-N156-2019.08.30-02.19.56_DK19_2_0467.tif,1219,589,1,14.72,14.72,20,-8964.48,-4327.68,7260, 
DK19-N157-2019.08.30-02.23.47_DK19_1_0469.tif,1263,581,1,14.72,14.72,20,-9288.32,-4268.8,7340, 
DK19-N157-2019.08.30-02.23.47_DK19_2_0470.tif,1211,590,1,14.72,14.72,20,-8905.6,-4335.04,7380, 
DK19-N158-2019.08.30-02.27.30_DK19_1_0472.tif,1231,595,1,14.72,14.72,20,-9052.8,-4371.84,7460, 
DK19-N158-2019.08.30-02.27.30_DK19_2_0473.tif,1227,599,1,14.72,14.72,20,-9023.36,-4401.28,7500, 
DK19-N159-2019.08.30-02.31.38_DK19_1_0475.tif,1271,551,1,14.72,14.72,20,-9347.2,-4048,7580, 
DK19-N159-2019.08.30-02.31.38_DK19_2_0476.tif,1218,612,1,14.72,14.72,20,-8957.12,-4496.96,7620, 
DK19-N160-2019.08.30-02.35.26_DK19_1_0478.tif,1209,567,1,14.72,14.72,20,-8890.88,-4165.76,7700, 
DK19-N160-2019.08.30-02.35.26_DK19_2_0479.tif,1244,584,1,14.72,14.72,20,-9148.48,-4290.88,7740, 
DK19-N161-2019.08.30-02.39.03_DK19_1_0481.tif,1218,570,1,14.72,14.72,20,-8957.12,-4187.84,7820, 
DK19-N161-2019.08.30-02.39.03_DK19_2_0482.tif,1227,600,1,14.72,14.72,20,-9023.36,-4408.64,7860, 
DK19-N162-2019.08.30-02.42.48_DK19_1_0484.tif,1168,549,1,14.72,14.72,20,-8589.12,-4033.28,7940, 
DK19-N162-2019.08.30-02.42.48_DK19_2_0485.tif,1186,584,1,14.72,14.72,20,-8721.6,-4290.88,7980, 
DK19-N163-2019.08.30-02.46.21_DK19_1_0487.tif,1208,584,1,14.72,14.72,20,-8883.52,-4290.88,8060, 
DK19-N163-2019.08.30-02.46.21_DK19_2_0488.tif,1186,527,1,14.72,14.72,20,-8721.6,-3871.36,8100, 
DK19-N164-2019.08.30-02.49.52_DK19_1_0490.tif,1234,578,1,14.72,14.72,20,-9074.88,-4246.72,8180, 
DK19-N164-2019.08.30-02.49.52_DK19_2_0491.tif,1221,605,1,14.72,14.72,20,-8979.2,-4445.44,8220, 
DK19-N165-2019.08.30-02.53.22_DK19_1_0493.tif,1132,592,1,14.72,14.72,20,-8324.16,-4349.76,8300, 
DK19-N165-2019.08.30-02.53.22_DK19_2_0494.tif,1202,609,1,14.72,14.72,20,-8839.36,-4474.88,8340, 
DK19-N166-2019.08.30-02.57.58_DK19_1_0496.tif,1194,586,1,14.72,14.72,20,-8780.48,-4305.6,8420, 
DK19-N166-2019.08.30-02.57.58_DK19_2_0497.tif,953,560,1,14.72,14.72,20,-7006.72,-4114.24,8460, 
DK19-N167-2019.08.30-03.01.32_DK19_1_0499.tif,1204,581,1,14.72,14.72,20,-8854.08,-4268.8,8540, 
DK19-N167-2019.08.30-03.01.32_DK19_2_0500.tif,1152,550,1,14.72,14.72,20,-8471.36,-4040.64,8580, 
DK19-N168-2019.08.30-03.04.56_DK19_1_0502.tif,1204,548,1,14.72,14.72,20,-8854.08,-4025.92,8660, 
DK19-N168-2019.08.30-03.04.56_DK19_2_0503.tif,1287,570,1,14.72,14.72,20,-9464.96,-4187.84,8700, 
DK19-N169-2019.08.30-03.08.28_DK19_1_0505.tif,931,491,1,14.72,14.72,20,-6844.8,-3606.4,8780, 
DK19-N169-2019.08.30-03.08.28_DK19_2_0506.tif,1080,540,1,14.72,14.72,20,-7941.44,-3967.04,8820, 
DK19-N169-2019.08.30-03.08.28_DK19_3_0507.tif,966,614,1,14.72,14.72,20,-7102.4,-4511.68,8860, 
DK19-N170-2019.08.30-03.12.47_DK19_1_0508.tif,727,565,1,14.72,14.72,20,-5343.36,-4151.04,8900, 
DK19-N170-2019.08.30-03.12.47_DK19_2_0509.tif,736,565,1,14.72,14.72,20,-5409.6,-4151.04,8940, 
DK19-N170-2019.08.30-03.12.47_DK19_3_0510.tif,727,557,1,14.72,14.72,20,-5343.36,-4092.16,8980, 
DK19-N171-2019.08.30-03.16.42_DK19_1_0511.tif,692,493,1,14.72,14.72,20,-5085.76,-3621.12,9020, 
DK19-N171-2019.08.30-03.16.42_DK19_2_0512.tif,692,493,1,14.72,14.72,20,-5085.76,-3621.12,9060, 
DK19-N171-2019.08.30-03.16.42_DK19_3_0513.tif,675,475,1,14.72,14.72,20,-4960.64,-3488.64,9100, 
DK19-N172-2019.08.30-03.20.09_DK19_1_0514.tif,717,549,1,14.72,14.72,20,-5269.76,-4033.28,9140, 
DK19-N172-2019.08.30-03.20.09_DK19_2_0515.tif,717,541,1,14.72,14.72,20,-5269.76,-3974.4,9180, 
DK19-N172-2019.08.30-03.20.09_DK19_3_0516.tif,708,549,1,14.72,14.72,20,-5203.52,-4033.28,9220, 
DK19-N173-2019.08.30-03.27.02_DK19_1_0517.tif,700,535,1,14.72,14.72,20,-5144.64,-3930.24,9260, 
DK19-N173-2019.08.30-03.27.02_DK19_2_0518.tif,700,535,1,14.72,14.72,20,-5144.64,-3930.24,9300, 
DK19-N173-2019.08.30-03.27.02_DK19_3_0519.tif,691,535,1,14.72,14.72,20,-5078.4,-3930.24,9340, 
DK19-N174-2019.08.30-03.31.20_DK19_1_0520.tif,708,527,1,14.72,14.72,20,-5203.52,-3871.36,9380, 
DK19-N174-2019.08.30-03.31.20_DK19_2_0521.tif,708,527,1,14.72,14.72,20,-5203.52,-3871.36,9420, 
DK19-N174-2019.08.30-03.31.20_DK19_3_0522.tif,700,527,1,14.72,14.72,20,-5144.64,-3871.36,9460, 
DK19-N175-2019.08.30-03.34.58_DK19_1_0523.tif,622,462,1,14.72,14.72,20,-4570.56,-3392.96,9500, 
DK19-N175-2019.08.30-03.34.58_DK19_2_0524.tif,605,453,1,14.72,14.72,20,-4445.44,-3326.72,9540, 
DK19-N175-2019.08.30-03.34.58_DK19_3_0525.tif,613,453,1,14.72,14.72,20,-4504.32,-3326.72,9580, 
DK19-N176-2019.08.30-03.38.29_DK19_1_0526.tif,793,515,1,14.72,14.72,20,-5829.12,-3783.04,9620, 
DK19-N176-2019.08.30-03.38.29_DK19_2_0527.tif,688,506,1,14.72,14.72,20,-5056.32,-3716.8,9660, 
DK19-N176-2019.08.30-03.38.29_DK19_3_0528.tif,688,506,1,14.72,14.72,20,-5056.32,-3716.8,9700, 
DK19-N177-2019.08.30-03.43.07_DK19_1_0529.tif,632,501,1,14.72,14.72,20,-4644.16,-3680,9740, 
DK19-N177-2019.08.30-03.43.07_DK19_2_0530.tif,632,484,1,14.72,14.72,20,-4644.16,-3554.88,9780, 
DK19-N177-2019.08.30-03.43.07_DK19_3_0531.tif,623,484,1,14.72,14.72,20,-4577.92,-3554.88,9820, 
DK19-N178-2019.08.30-03.46.31_DK19_1_0532.tif,562,406,1,14.72,14.72,20,-4128.96,-2980.8,9860, 
DK19-N178-2019.08.30-03.46.31_DK19_2_0533.tif,562,414,1,14.72,14.72,20,-4128.96,-3039.68,9900, 
DK19-N178-2019.08.30-03.46.31_DK19_3_0534.tif,553,414,1,14.72,14.72,20,-4062.72,-3039.68,9940, 
DK19-N179-2019.08.30-03.49.41_DK19_1_0535.tif,635,465,1,14.72,14.72,20,-4666.24,-3415.04,9980, 
DK19-N179-2019.08.30-03.49.41_DK19_2_0536.tif,635,465,1,14.72,14.72,20,-4666.24,-3415.04,10020, 
DK19-N179-2019.08.30-03.49.41_DK19_3_0537.tif,635,456,1,14.72,14.72,20,-4666.24,-3348.8,10060, 
DK19-N180-2019.08.30-03.53.59_DK19_1_0538.tif,625,461,1,14.72,14.72,20,-4592.64,-3385.6,10100, 
DK19-N180-2019.08.30-03.53.59_DK19_2_0539.tif,616,452,1,14.72,14.72,20,-4526.4,-3319.36,10140, 
DK19-N180-2019.08.30-03.53.59_DK19_3_0540.tif,607,443,1,14.72,14.72,20,-4460.16,-3253.12,10180, 
DK19-N181-2019.08.30-03.57.30_DK19_1_0541.tif,538,404,1,14.72,14.72,20,-3952.32,-2966.08,10220, 
DK19-N181-2019.08.30-03.57.30_DK19_2_0542.tif,539,369,1,14.72,14.72,20,-3959.68,-2708.48,10260, 
DK19-N181-2019.08.30-03.57.30_DK19_3_0543.tif,539,360,1,14.72,14.72,20,-3959.68,-2642.24,10300, 
DK19-N182-2019.08.30-04.00.38_DK19_1_0544.tif,565,421,1,14.72,14.72,20,-4151.04,-3091.2,10340, 
DK19-N182-2019.08.30-04.00.38_DK19_2_0545.tif,556,421,1,14.72,14.72,20,-4084.8,-3091.2,10380, 
DK19-N182-2019.08.30-04.00.38_DK19_3_0546.tif,556,412,1,14.72,14.72,20,-4084.8,-3024.96,10420, 
DK19-N183-2019.08.30-04.03.58_DK19_1_0547.tif,493,333,1,14.72,14.72,20,-3621.12,-2443.52,10460, 
DK19-N183-2019.08.30-04.03.58_DK19_2_0548.tif,485,325,1,14.72,14.72,20,-3562.24,-2384.64,10500, 
DK19-N183-2019.08.30-04.03.58_DK19_3_0549.tif,485,316,1,14.72,14.72,20,-3562.24,-2318.4,10540, 
DK19-N184-2019.08.30-04.06.51_DK19_1_0550.tif,521,388,1,14.72,14.72,20,-3827.2,-2848.32,10580, 
DK19-N184-2019.08.30-04.06.51_DK19_2_0551.tif,512,379,1,14.72,14.72,20,-3760.96,-2782.08,10620, 
DK19-N184-2019.08.30-04.06.51_DK19_3_0552.tif,503,379,1,14.72,14.72,20,-3694.72,-2782.08,10660, 
DK19-N185-2019.08.30-04.09.57_DK19_1_0553.tif,473,296,1,14.72,14.72,20,-3473.92,-2171.2,10700, 
DK19-N185-2019.08.30-04.09.57_DK19_2_0554.tif,464,305,1,14.72,14.72,20,-3407.68,-2237.44,10740, 
DK19-N185-2019.08.30-04.09.57_DK19_3_0555.tif,534,344,1,14.72,14.72,20,-3922.88,-2524.48,10780, 
DK19-N186-2019.08.30-04.12.54_DK19_1_0556.tif,462,321,1,14.72,14.72,20,-3392.96,-2355.2,10820, 
DK19-N186-2019.08.30-04.12.54_DK19_2_0557.tif,471,308,1,14.72,14.72,20,-3459.2,-2259.52,10860, 
DK19-N186-2019.08.30-04.12.54_DK19_3_0558.tif,510,351,1,14.72,14.72,20,-3746.24,-2576,10900, 
DK19-N187-2019.08.30-04.15.49_DK19_1_0559.tif,496,411,1,14.72,14.72,20,-3643.2,-3017.6,10940, 
DK19-N187-2019.08.30-04.15.49_DK19_2_0560.tif,518,372,1,14.72,14.72,20,-3805.12,-2730.56,10980, 
DK19-N187-2019.08.30-04.15.49_DK19_3_0561.tif,501,363,1,14.72,14.72,20,-3680,-2664.32,11020, 
DK19-N188-2019.08.30-04.18.54_DK19_1_0562.tif,580,443,1,14.72,14.72,20,-4261.44,-3253.12,11060, 
DK19-N188-2019.08.30-04.18.54_DK19_2_0563.tif,606,435,1,14.72,14.72,20,-4452.8,-3194.24,11100, 
DK19-N188-2019.08.30-04.18.54_DK19_3_0564.tif,593,439,1,14.72,14.72,20,-4357.12,-3223.68,11140, 
DK19-N189-2019.08.30-04.22.26_DK19_1_0565.tif,992,864,1,14.72,14.72,20,-7293.76,-6351.68,11180, 
DK19-N189-2019.08.30-04.22.26_DK19_2_0566.tif,694,710,1,14.72,14.72,20,-5100.48,-5218.24,11220, 
DK19-N189-2019.08.30-04.22.26_DK19_3_0567.tif,852,842,1,14.72,14.72,20,-6263.36,-6189.76,11260, 
DK19-N190-2019.08.30-04.27.19_DK19_1_0568.tif,1069,1116,1,14.72,14.72,20,-7860.48,-8206.4,11300, 
DK19-N190-2019.08.30-04.27.19_DK19_2_0569.tif,1016,1164,1,14.72,14.72,20,-7470.4,-8559.68,11340, 
DK19-N190-2019.08.30-04.27.19_DK19_3_0570.tif,1038,1050,1,14.72,14.72,20,-7632.32,-7720.64,11380, 